<?xml version="1.0" encoding="UTF-8"?>
<project-private xmlns="http://www.netbeans.org/ns/project-private/1">
    <editor-bookmarks xmlns="http://www.netbeans.org/ns/editor-bookmarks/2" lastBookmarkId="0"/>
    <open-files xmlns="http://www.netbeans.org/ns/projectui-open-files/2">
        <group>
            <file>file:/C:/Users/Aditya%20Kshettri/Documents/NetBeansProjects/SpringDemoAOP/src/AOPdemo/DAO/TrafficFortuneService.java</file>
            <file>file:/C:/Users/Aditya%20Kshettri/Documents/NetBeansProjects/SpringDemoAOP/src/AOPdemo/Aspect/MyDemoLoggingAspect.java</file>
            <file>file:/C:/Users/Aditya%20Kshettri/Documents/NetBeansProjects/SpringDemoAOP/src/AOPdemo/app/AroundDemoApp.java</file>
        </group>
    </open-files>
</project-private>
