<?xml version="1.0" encoding="UTF-8"?>
<project-private xmlns="http://www.netbeans.org/ns/project-private/1">
    <editor-bookmarks xmlns="http://www.netbeans.org/ns/editor-bookmarks/2" lastBookmarkId="0"/>
    <open-files xmlns="http://www.netbeans.org/ns/projectui-open-files/2">
        <group>
            <file>file:/C:/Users/Aditya%20Kshettri/Documents/NetBeansProjects/web-customer-tracker/src/java/Controller/CustomerController.java</file>
            <file>file:/C:/Users/Aditya%20Kshettri/Documents/NetBeansProjects/web-customer-tracker/web/WEB-INF/view/customer-form.jsp</file>
            <file>file:/C:/Users/Aditya%20Kshettri/Documents/NetBeansProjects/web-customer-tracker/src/java/DAO/CustomerDAOImpl.java</file>
            <file>file:/C:/Users/Aditya%20Kshettri/Documents/NetBeansProjects/web-customer-tracker/src/java/Service/CustomerServiceImpl.java</file>
        </group>
    </open-files>
</project-private>
