<?xml version="1.0" encoding="UTF-8"?>
<beans xmlns="http://www.springframework.org/schema/beans"
    xmlns:xsi="http://www.w3.org/2001/XMLSchema-instance" 
    xmlns:context="http://www.springframework.org/schema/context"
    xsi:schemaLocation="http://www.springframework.org/schema/beans
    http://www.springframework.org/schema/beans/spring-beans.xsd
    http://www.springframework.org/schema/context
    http://www.springframework.org/schema/context/spring-context.xsd">
    
    <context:property-placeholder location="classpath:sport.properties" />
    
    <bean id="myFortuneService"
          class="SpringDemo1.HappyFortuneService">
    </bean>
    
    <bean id="myCoach"
            class="SpringDemo1.TrackCoach">
        <constructor-arg ref="myFortuneService"/>	 		
    </bean>
    
    <bean id="myCricketCoach"
          class="SpringDemo1.CricketCoach">
          <property name="fortuneService" ref="myFortuneService" />
          <property name="emailAddress" value="${email}" />
          <property name="team" value="${team}" />
    </bean>

</beans>





